m01J06	approve	EL eqn K*phi''+lam*sin(phi)=0 correct; natural BC phi'(1)=0 matches the hint; criticalLoad K*((2m+1)pi/2)^2 verified by solving phi''+(lam/K)phi=0, phi(0)=0, phi'(1)=0 => cos(omega)=0; bifurcation encoding declared
m02J01	approve	(a) int phi=0 iff phi=psi' correct; IsDistributionalDerivative v u as u(phi)=-v(phi') is the right convention and non-vacuous; (c) difference acts as c*int phi = correct sense of "differ by a constant"
m02J05	approve	young=A, K_A, L_A, Luxemburg norm all match source verbatim; Young hint st<=A(s)+Atilde(t) present; Holder factor 2 present; a.e.-quotient repair is necessary and declared
m93A01	approve	Fourier-model encoding declared, not a scalar shadow; all four answers verified: (1+n^2)^-1/2 ->0 compact; L2(R) multiplier not compact; |n|/sqrt(1+n^2)->1 not compact; |n|/sqrt(1+n^2+n^4)->0 compact; multipliers bounded so non-vacuous
m93A02	approve	counterexample L h=(h,0), Q=(0,h1h2) gives (h,h^2)=k solvable only if k2=k1^2, so k=(0,eps/2) unsolvable arbitrarily near 0 = correct answer to (b); L left unbounded matches source which never assumes boundedness; both repairs (L(H)->L h, strict-> non-strict at k=0) sound
m93J01	approve	VERIFIED INDEPENDENTLY: kappa=1/12 from 2/4! Taylor; source part (b) IS wrong as printed (missing h^2 on (Ly)n and sign of kappa h^4 term) and the declared repair matches my own derivation; o->O repairs correct since next Taylor terms are exactly that order; part (d) is the genuine Numerov scheme -(2+5h^2/6 V)y_n form checks out, and V needs no smoothness because it only ever appears as V*y = y''
m93J07	approve	all 12 parts correct incl. the two impossible ones rendered as nonexistence: (f) X* separable => X separable, (l) L4[0,1] subset L2[0,1] on finite measure; Reflexive = surjective inclusionInDoubleDual is the right definition
m94A04	approve	determined answer stated verbatim: L h t = 3*f(t)^2*h(t) a.e.; "if and where it exists" answered as everywhere (forall f); exponents 8 and 2 are exactly what makes Holder work (f^2 h in L2 via 1/2=1/4+1/4, f in L8); Frechet condition spelled out correctly as bounded-linear + little-o
m03J03	approve	D(H sin)=H cos and D^2(H sin) = delta0 - H sin verified (jump of H cos at 0 is 1), rendered as D2T phi = phi 0 - T phi; (d) nonexistence of phi->|phi(0)| correct; formalizer navigated Joe's own 2003 margin note by formalizing (a) and (b) separately as printed; n=0 edge in |a_n|<=A|n|^N inherited faithfully from source
m94J01	approve	determined answer given: limit is 0 in D' (test functions have compact support so phi^(n)(n)=0 eventually) and NO limit in S'; the D'/S' contrast is the point of the problem and both halves are stated
m94J02	approve	MAJOR CATCH VERIFIED: source's ||fg||<=||f||||g|| is FALSE for weight n^2+1 (f=g=z gives 5 vs 4); repaired constant 5/4 is genuinely SHARP - max of ((m+n)^2+1)/((m^2+1)(n^2+1)) over m,n is 5/4 at m=n=1, checked m,n in 0..3; spectrum {0} u {2^-n} correct for compact diagonal operator and part (f) does ask for it
m95A05	approve	exact Lax-Milgram match: coercivity c||v||^2 <= A v v, reflexivity as surjective inclusionInDoubleDual, conclusion ExistsUnique u, A u = f; lint "trivially-short" is a false positive
m96J03	approve	source typo ||x||>0 -> ||x||>1 necessary (as printed the clauses contradict on 0<||x||<=1) and declared; answer <f, Laplacian phi> = int over unit sphere of (D phi x) x dH^{n-1} is exactly the divergence theorem, i.e. Delta f = surface measure paired via outward normal = x
m96J06	approve	CONSTANTS VERIFIED: linear part L(x)(t)=x(t)-2x(0) is invertible with L^-1(z)(t)=z(t)-2z(0), ||L^-1||<=3; fixed point needs 3(||y||+r^2)<=r, and r=1/12 gives ||y||<=1/36-1/144=1/48 EXACTLY the stated ball; contraction factor 3*2r=1/2; also t/2+1 and t/2-1 stay in [-2,2] for |t|<=2
m98A04	approve	source's "partial^alpha * phi" missing its T, repair obvious and declared; IsConvolution and IsDistributionalPartial use correct conventions ((-1)^|alpha|); part (c) INDEPENDENTLY COMPUTED: int_0^2pi sin y cos(x-y) dy = cos x * 0 + sin x * pi = pi sin x, matches
m99A03	approve	(a) normal + A^3=0 => A=0 correct; (b) declared repair is right (cannot hold on every H, e.g. finite-dim) so stated existentially on l2 x l2 x l2, which supports the standard A(x,y,z)=(y,z,0) with A^2=(z,0,0) noncompact and A^3=0 compact
m99J03	approve	ALL THREE LIMITS VERIFIED: (a) triangle has integral 1 -> delta0 -> phi 0; (b) dipole: int_{-a}^0 - int_0^a = -a^2 phi'(0)+O(a^3), times n^2=1/a^2 gives -phi'(0), matches -deriv phi 0; (c) psi(x/n)->psi 0 uniformly on supp phi so limit psi 0 * int phi; repair x<=1/n -> |x|<=1/n necessary and declared
t00J08	approve	determined answer {2,3,4,7} VERIFIED by Nielsen-Schreier: rank(G)=1+[F:G](n-1)=7 so [F:G](n-1)=6, n-1 divides 6, n-1 in {1,2,3,6}; n=1 excluded since 0=6 impossible
t01A01	approve	genuine RP2 as Projectivization R (Fin 3 -> R); both source conclusions present (f_* trivial, f homotopic to a constant); basepoint handling for a non-basepoint-preserving map is correct
t00A02	approve	genus-5 encoded by homology H0=Z, H1=Z^10 (rank 2g), H2=Z - and H2=Z correctly FORCES orientability, so the encoding is complete; connectedness repair necessary (disjoint unions of total degree 10 are non-homeomorphic) and declared; chi=-8 so any connected 10-fold cover has chi=-80, genus 41, all homeomorphic
t91J06	approve	nested embeddings + weak topology hypotheses render (a)(b)(c) faithfully; conclusion X homeo R is the standard result; hweak stated invariantly via preimages with the equivalence explained
t95J01	approve	exact match: continuous surjective closed map with compact fibers from Hausdorff X gives Hausdorff Y; the "pi^-1 is compact" -> "fibers are compact" reading is the only sensible one and is declared
m97A06	FLAG	part (a) is a TAUTOLOGY: "EL phi T <-> <the literal definition of EL phi T>", provable by Iff.rfl. Worse, NOTHING connects the functional I to the EL equation, so "find the Euler-Lagrange equations" is postulated rather than derived - a prover can close (a)(b)(c) without touching I. Compare m01J06 which does this correctly via first variation of the energy. FIX: replace (a) with a stationarity iff, (forall eta, eta 0 = eta T = 0 -> deriv (fun eps => I (phi + eps*eta)) 0 = 0) <-> EL phi T. Parts (b) energy conservation, (c) phi=0, (d) hessian int (eta'^2+eta^2) are all independently verified correct.
t01A02	FLAG	introduces "axiom apm_t01A02_H2AddCommGroupExists" plus an opaque H2, so part (a) "f_* on H2 is zero" is a claim about an UNINTERPRETED type. Two problems: the axiom pollutes #print axioms at the pass-1 gate, and the retreat is unnecessary - t00A02 in this same campaign uses Mathlib's real AlgebraicTopology.singularHomologyFunctor. FIX: use that functor as t00A02 does.
t03J01	FLAG	all three geometric hypotheses (IsDoubleTorus, CutsIntoTwicePuncturedSphere, CutsIntoTwoOncePuncturedTori) are opaque, so the hypotheses carry NO information and the theorem is unprovable as stated. Separately the source's own description of J1 is Euler-characteristic-inconsistent (cutting genus 2 along a curve cannot give an annulus, chi -2 vs 0) and should have been raised as an encoding question rather than passed through silently. The J2 half is mathematically right (separating curve is null-homologous so no retraction).
t97A01	FLAG-VACUOUS	the space X NEVER APPEARS. The theorem is: two Nat.card facts about Fin, injectivity of n -> 2n, one correct quotient Z^3/<(2,2,2)> = Z^2 x Z/2, and "Nonempty (piOne = PresentedGroup {relator})" where piOne is DEFINED as that very PresentedGroup - i.e. Nonempty (G = G), true by refl. No topology, no CW complex, no homology of an actual space. Source part (c) (torus # RP2, Mayer-Vietoris and Van Kampen) is entirely absent. This is the a98A01 species: true-but-unrelated algebra standing in for the object of study.
m02A01	approve	real Mathlib weak topology (toWeakSpace); uniqueness, strong=>weak, concrete l2 basis-vector counterexample, and finite-dim equivalence all present
m02A04	approve	VERIFIED: formalizer independently caught that +t^3x^2 diverges and repaired to -t^3x^2 (declared); leadingTerm sqrt(pi)*t^(-3/2)*e^(t/4) matches my own completion of the square, and exact equality is right since the Gaussian is exactly computable
m02A05	approve	EL x''=y, y''=x correct; extremal sinh t/sinh(pi/2) VERIFIED, and uniqueness holds since u=x-y satisfies u''=-u with u(0)=u(pi/2)=0 forcing u=0; global min correct (second variation >= 3*int eta^2 by Poincare, first Dirichlet eigenvalue 4 on (0,pi/2)); no global max correct
m02A06	approve	IsSolution carries the full ODE and BOTH boundary conditions u 0 = 1 and u -> 0 at infinity; uniqueness scoped to the ball |u| <= 2(1+C) which is the honest contraction-mapping conclusion, not a global claim
m02J02	approve	IsH10Basis is genuine (membership + linear independence + H1-density), not vacuous; sines for (0,1), odd Hermite for (0,inf), Hermite for R
m02J03	approve	weak convergence via inner products (genuine); boundedness, Radon-Riesz (strong iff norms converge), and Mazur convex-combination all present
m02J04	approve	DERIVES EL from stationarity rather than postulating it - the correct pattern m97A06 failed to follow; Beltrami identity d/dx(F - y'F_y')=0 as HasDerivAt ... 0; catenary cosh x joins (0,1) to (1,cosh 1) and minimizes area
m02J06	approve	formalizer caught the garbled "|x|=0 => f(x)=0" (constrains one point, makes compactness FALSE by translation) and repaired to the Kolmogorov-Riesz support condition |x|>=1, with justification; max|phi|=M encoded as bound AND attainment
m03J01	approve	phi bounded below, unique minimizer bundled as a continuous linear map (stronger, fine), Riesz identity (u,v)=f(v), plus the Poisson weak-solution application
m03J02	approve	u'=cos u - u has a unique equilibrium (the Dottie number, cos u = u) and d/du(cos u - u) = -sin u - 1 <= 0, so all solutions converge to the same xi - the "exists xi for ALL u0" form is correct
m03J04	approve	B''=B, annihilator closed, closure(range B) = annihilator(ker B') (closed-range relation), and inf-sup => isomorphism onto the annihilator (Banach-Necas-Babuska)
m03J05	approve	Fredholm alternative structure correct; mixed eigenvalue ((2n+1)pi/2)^2 with eigenfunction sin(((2n+1)pi/2)x) VERIFIED as the Dirichlet-at-0/Neumann-at-1 spectrum; solvability iff F orthogonal to eigenfunction, solutions differ by multiples of it
m93A03	approve	exact Radon-Riesz statement; source asks prove-or-counterexample and the true answer (it does converge) is asserted
m93A04	approve	F'(x)h(t) = h(t) - int K_2(t,x(s))h(s)ds correct; "appropriate assumption about K" = continuity + differentiability in 2nd argument; invertibility under |K_2|<=c<1 is the Neumann-series hypothesis, correctly the "further weak hypothesis"
m93J02	approve-with-note	structurally faithful: every prove-or-disprove sub-question gets a definite answer (equivalence of finiteness, local<=global, NO uniform constant, norm, not complete). The two DISPROOF answers rest on the formalizer's analysis and I did not re-derive them; if wrong, the pass-1 honest-report contract surfaces it, which is the designed loop
m93J03	approve	contraction for small |eps| with uniqueness correctly SCOPED to a small ball (isSmall x eta) rather than claimed globally
m93J04	approve	kernel matches source omega verbatim; formal adjoint VERIFIED BY HAND: for L = x^2 d2 - x d + 1, two integrations by parts give L* phi = x^2 phi'' + 5x phi' + 4 phi, exactly as written; formulation <omega_y, L* phi> = phi y is the right distributional sense
m93J05	approve	truncation operator is self-adjoint under the Lp/Lq pairing (the answer to "describe Phi*"); kernel characterization and the f=u+v splitting with Phi u=u, Phi v=0 both present
m93J06	approve	full Picard-Lindelof set: Lipschitz existence-uniqueness, C1 dependence on initial data, global existence under |f|<=C|y|, Gronwall bound e^{L|t|}|a-b|, and the Holder-alpha uniqueness claim correctly DISPROVED as a negated universal (y'=y^{2/3})
m94A01	approve	5-point stencil error bound; ContDiff 4 is slightly stronger than the source's "u_xxxx and u_yyyy continuous" but is a faithful simplification; C depending on the point is honest for a general u on all of R^2
m94A02	approve	Bendixson bounds sigma_n <= Re lambda <= sigma_1 exactly as printed, and the "what conclusion" part is answered explicitly: A^t=-A implies Re lambda = 0
m94A03	approve	VERIFIED: grad log|x| has |grad|=1/|x|, so int_B |grad|^2 = int r^{n-3} dr diverges at n=2 and converges for n=3,4 - the not-in/in/in split is right
m94A05	approve	VERIFIED: T(u)=eps sin t - int sin(ts)u^2 needs eps + pi r^2 <= r and contraction 2 pi r < 1; at r=1/(2pi) this gives exactly eps <= 1/(4pi), the stated bound; existence-only matches the source which asks only for a solution
m94J03	approve	exact resolvent bound with Mathlib resolvent/spectrum/IsSelfAdjoint; restricting z to resolventSet is the faithful reading since R_z is otherwise undefined
m94J04	approve	formalizer caught the source ambiguity independently (cases overlap on {x>0,z<0}, undefined on {x<=0,z>=0}), repaired to x<=0 with the jump across the plane x=0, declared; distributional curl stated with an EXPLICIT curlValue answer
m94J05	approve-with-note	faithful to the source, which does say "unique". NOTE: the prescribed contraction (x = L^-1 F(x)) only gives LOCAL uniqueness, and the corpus scopes uniqueness to a ball elsewhere (m94A05, m93J03). With f=0, (t^2 x')' = x^2 admits t^2 x' increasing, consistent with a nonzero negative interior solution, so global ExistsUnique may be false. If the prover cannot close it, the honest-report contract should surface this and the fix is to scope uniqueness to a ball
m94J06	approve	DifferentiableOn over GL(X) is exactly the source's ask; the derivative formula is not requested by the source so its absence is faithful
m95A01	approve	Newton-Schulz B_{n+1}=2B_n-B_n A B_n; all three parts present (AB_n and B_nA converge to I, uniform boundedness via Banach-Steinhaus under surjectivity, and B_n x converging to the genuine two-sided inverse)
m95A02	approve	VERIFIED normalization: for <f,g>=int_0^2pi (f'g' + fg), ||e^{inx}||^2 = 2pi(n^2+1), so the basis e^{inx}/sqrt(2pi(n^2+1)) is correct; Holder-1/2 embedding exponent right for H1 in 1D; weak-to-uniform convergence present
m95A03	approve	EL of int[p u'^2 + q u^2 + 2uf] is (pu')' - qu - f = 0, matching source (i) exactly - sign convention checked; p>=p0>0 and q>=0 are the right convexity hypotheses; homogenization via boundaryLift present
m95A04	approve	VERIFIED: Ddist absDist = signDist and Ddist signDist = 2*delta (factor 2 correct, sign jumps by 2 at 0); also D injective on TEST functions but NOT on distributions (constants) - a correct and non-obvious pair
m95J01	approve	VERIFIED: (e^{-x}p)'' = e^{-x}(p'' - 2p' + p), exactly the hT characterization; dimension n+1 via the linear equivalence with degreeLE n
m95J02	approve	radial Laplacian v'' + (n-1)/r v' correct; fundamental solution VERIFIED both branches - log||x||/(2pi) at n=2 and -||x||^{2-n}/((n-2)*sphereArea) for n>=3; plus the Poisson convolution solution
m95J03	approve	the critique is captured EXACTLY: with LA=I, solvability holds iff A(Lb)=b and any solution must equal Lb - i.e. the hint's argument proves uniqueness but NOT existence, which is the flaw the problem is asking for
m95J04	approve	VERIFIED the constant: int_0^1 |G(t,s)| ds = t(1-t)/2 with max 1/8, so contraction needs L < 8 - which is exactly why the source picks 7.99, rendered as the exact rational 799/100; global uniqueness is correct here since the Lipschitz bound is global in u (contrast m94J05's quadratic nonlinearity)
m95J06	approve	lp norm converging to sup norm, plus differentiability of the Hilbert norm away from 0; both faithful
m95J07	approve	"second category" correctly rendered as NOT meagre (the nowhere-differentiable-at-0 set); part (b) is the closed-graph consequence, A injective continuous with A o T continuous implies T continuous
m96A01	approve	compact L, nonzero eigenvalue, eigenspace finite-dimensional; correctly does NOT assume completeness, matching the source's "normed linear space"
m96A02	approve	Banach fixed point with convergence from every start, the T^N-contraction corollary, and the Picard application; all three parts present
m96A03	approve	(a) is Parseval applied to the indicator 1_[a,t] whose square norm is t-a - correct; (b) closed range gives solvable iff b orthogonal to ker(A*) - correct
m96A04	approve	exact match including the delicate "do not assume" structure: A is linear but NOT assumed continuous, B is a bare function not assumed linear, and all three conclusions (B linear, B continuous, A continuous) are stated
m96A05	approve	scheme<->linear system equivalence is genuine (RHS is the matrix form, not the def body); the b<0 condition plus "exists N, for all n>=N" is exactly right - diagonal dominance |−2/h^2+b| = 2/h^2−b beats the off-diagonal sum 2/h^2 only when b<0 and h is small
m96A06	approve	F'(u)h = 2*int(u'h' + a u h - b h); H pinned by value/weakDeriv/hH/hnorm (the pinned-structure pattern, same as m93A01); a >= eps > 0 a.e. is the coercivity hypothesis
m96J02	approve	formalizer independently found the printed theorem is FALSE for merely continuous g and supplied the sqrt|x| counterexample, adding local Lipschitz in the second variable - matches my own reasoning (the IVP<->Volterra identity needs no Lipschitz, but x=y needs uniqueness which does); also fixed the dz->ds typo
m96J04	approve	(a) A(x,y)=(y,0) on l2 x l2 is noncompact with A^2=0 hence all higher powers compact; (b) Volterra operator on C[0,1] is compact with no nonzero eigenvalues - both standard and correct
m96J05	approve	VERIFIED symbols: (e^{i eps xi} - e^{-i eps xi})/(2 eps) = i sin(eps xi)/eps, and exp of that tends to e^{i xi}, the symbol of the unit shift Tf(x)=f(x+1) - matches differenceSymbol and shiftSymbol exactly
m97A01	approve	isModulus DOES carry uniqueness (third conjunct: any positive C with C^2 = A*A equals B), so the source's "unique positive definite |A|" is fully captured, along with ||Bx||=||Ax|| and compactness of the adjoint
m97A02	approve	alpha universally quantified with cos alpha = alpha (the Dottie number, unique in [0,1]); existence-only matches the source's "there is a function x"; sup|x'| norm and the vanishing-at-alpha space both rendered
m97A03	approve	VERIFIED the bound: int_0^1 sqrt((t+3)/s) ds = 2 sqrt(t+3) <= 4, and |d/du sin(tu)| = |t cos(tu)| <= 1, so the operator's Lipschitz constant is 4|lam| < 1 exactly when |lam| < 1/4 - the stated hypothesis to the digit
m97A04	FLAG	one tautological conjunct: part (a) states "Matrix.mulVec A u = rhs <-> forall i, sum_j A i j * u j = rhs i", which is definitionally true (that IS mulVec) and closable by funext. Same species as m95J05/m98J02. The real content (the matrix and rhs defs) exists and part (b) nonsingularity-for-small-h is sound, so the fix is to replace (a) with a substantive claim about the scheme
m98A01	approve	concrete non-Hilbert Banach example via parallelogram-law failure in C[0,1], plus open mapping and closed graph; all faithful
m98A02	approve	bounded iff continuous, B(X,Y) complete, and the Neumann series with BOTH bounds 1/(1+||A||) <= ||B|| <= 1/(1-||A||) - lower from ||B|| >= 1/||I-A||, upper from the geometric series; both correct
m98A03	approve	Hammerstein derivative DF(u)h(x) = int K(x,y) f'(u(y)) h(y) dy is correct, and Continuous DF captures the C^1 claim
m98A05	approve	IFT stated with an invertible partial derivative and the perturbation corollary H = F + eps G; both parts faithful
m98A06	approve	EL y''+y=0 gives y = A cos + B sin; (a) at a=2pi the extremals are a ONE-PARAMETER family cos x + B sin x (correct: sin vanishes at both ends) with neither min nor max, and (b) for a not a multiple of pi the unique extremal is sin x / sin a, a minimum when a < pi (first Dirichlet eigenvalue (pi/a)^2 > 1). All determined answers present and right
m98J04	approve	derives EL from stationarity (correct pattern); part (b) the straight line minimizes arc length, with F = sqrt(1+y'^2) as the "suitable F"
m98J05	approve	VERIFIED convention: fourier f xi = int f(x) e^{-i xi x} dx, for which F(f') = i xi f-hat exactly (no 2pi factor) - internally consistent; heat-kernel solution with the correct initial-data limit
m99A01	approve	VERIFIED: EL y''-y=1 gives y = A cosh + B sinh - 1, BCs force A=1 and B=(1-cosh(pi/2))/sinh(pi/2), which equals -tanh(pi/4) by the half-angle identities - exactly the extremal as written; minimum exists, no maximum (correct, functional convex and unbounded above)
m99A02	approve	VERIFIED: |grad f|^2 = (1/9)(log r)^{-4/3}/r^2, so int over the disc is (2pi/9) int_{log2}^inf u^{-4/3} du, which CONVERGES - so f IS in H1, the answer asserted; the derivative -x_i/(3||x||^2 (-log||x||)^{2/3}) is the correct chain rule. Note the exponent 1/3 is what makes it just barely converge (contrast m94A03 where exponent 1 diverges)
m99A05	approve	l2 basis counterexample, strong=>weak, finite-dim equivalence, boundedness and uniqueness of weak limits; all standard and correct
m99A06	approve	existence-only for f + sin x*(f*f) = eps e^{-x^2} at small eps, matching the source's "at least one solution"
m99J01	approve	same ODE as m03J02; the ExistsUnique xi is correctly over "cos xi = xi AND xi is the universal limit", matching "there is exactly one number xi = lim"
m99J02	approve	VERIFIED: g_y is continuous at x=y but g' jumps by u2'(y)u1(y) - u1'(y)u2(y) = the Wronskian, so g'' = regular part + W(y) delta_y - exactly the stated identity; part (b) uses constancy of the Wronskian for solutions of u''+qu=0
m99J04	approve	conjugate is A* T A (NOT A^-1 T A), which is what the source explicitly asks about and is the version that genuinely stays self-adjoint ((A*TA)* = A*T*A); the generalized eigenbasis for (T - lambda P)v = 0 with P = (A*)^-1 A^-1 is covered
m99J05	approve	isMinimizer <-> Riesz identity inner u v = f v is a genuine equivalence (the def body is the minimization inequality, not this), plus existence-uniqueness
m99J06	approve	weak <-> strong solution equivalence and Galerkin convergence over an increasing dense family of finite-dimensional subspaces; H01 pinned by a model structure
t00A01	approve	uses real FundamentalGroup and a genuine homology functor; homology-sphere/ball hypotheses are real defs (not opaque); structure is the van Kampen / Mayer-Vietoris computation for a connected sum
t00A04	approve	captures the actual argument (r . iota = id, so iota null-homotopic would make id_X null-homotopic); the added hypothesis "id_X not null-homotopic" honestly replaces the closed-oriented-manifold structure and correctly excludes the degenerate X = point case where the claim is false
t00A05	approve	VERIFIED: the (x,y) part is minus the angle form so d omega = 0, and its integral over the CCW unit circle is -2pi - exactly the stated values; part (c) extends to any C2 loop of the same winding
t01A06	approve	VERIFIED: d(yx dz) is exact so contributes 0 over the closed torus, leaving int_T x dy^dz = Vol(solid torus) = 2 pi^2 R r^2 by the divergence theorem - exactly the stated answer; part (b) is TRUE because a closed 1-form on all of A^3 (simply connected) is exact, so every period vanishes
t00J01	FLAG-VACUOUS	ManifoldData is a bare record whose compact/connected/oriented are arbitrary Props and whose lefschetzNumber is an arbitrary function - nothing ties any field to a manifold. All three "true or false" answers are dischargeable by FABRICATING a record (dimension := 3, oriented := False; lefschetzNumber := fun _ => 2; and choosing fiber cardinalities). The mathematics - that non-orientable 3-manifolds exist, that a diffeomorphism can have Lefschetz number != 1, that regular-value preimage counts can differ - is entirely absent. The header declares the encoding but declaration does not cure vacuity. Same species as t97A01
t00A03	FLAG	the surface F never appears, and the first conclusion is baked into a hypothesis: pantsAtomic s is DEFINED as (0 < b, euler < 0, genus = 0, b <= 3), which forces b = 3 by arithmetic alone, so "forall s, s = (0,3)" is entailed by the hypothesis rather than proved. Source part (a) - that a MAXIMAL collection cuts F into pants - is assumed by definition, not formalized. The curves = 3g-3 count IS genuine arithmetic, so the fix is to keep that and drop or reformulate the first conjunct. (Credit: the formalizer did correctly repair the source's printed 3g-g to 3g-3.)
t01A08	approve	answer is YES via transversality/Sard; lines parameterized as fibers of the projection R^3 -> R^2, and transversality stated as surjectivity of mfderiv of the composed projection - real Mathlib manifolds throughout
t01J03	approve	pi_1(T^2) = Z x Z and H_* = Z, Z^2, Z, 0... all correct, using real FundamentalGroup and homology functor; the earlier lint flag on this one was a false positive
t01J04	approve	real Mathlib manifolds with BoundarylessManifold hypotheses; the small-closed-neighborhood preimage claim is faithfully rendered
t02A01	approve	surface is absent but the content is a GENUINE reduction, not a fabrication: boundaryMonodromy is the actual commutator [addRight a, addRight b] in Perm(ZMod n), trivial precisely because the group is abelian, and the component count is its fixed-point set. That IS the mathematics of the problem (boundary of a once-punctured torus is [alpha,beta]). Contrast t00A03 where the conclusion was baked into the hypothesis
t02A02	approve-with-note	non-orientability and V-E+F = 3-4+1 = 0 are real content and identify the surface; classify is a genuine function of those two invariants (not an answer lookup), though the final conjunct passes literals rather than the computed values so it is definitionally true. Answer Klein bottle = RP^2 # RP^2 agrees with the source's own solution
t02A03	approve	real FundamentalGroup and singularHomologyFunctor; solid torus minus its core deformation-retracts to T^2 giving Z x Z, and the genus-two region gives the free product (Z x Z) * Z - both correct
t02A04	approve	X is a real construction; attaching a 2-cell along a curve wrapping n times makes H_1 finite and H_2 = 0, so the Lefschetz number is always 1 != 0 and every self-map has a fixed point - the statement is exactly the source's claim
t91A01	approve	z^3 has its only zero at 0 and restricts to e^{3i theta} on the unit circle (index 3) - both verified; part (b) is a genuine PARITY argument: 2-2g is even but the index sum would be the odd number 3, so another zero must exist. Surface absent but this is a real reduction, like t02A01
t91A02	approve	VERIFIED obstruction: chi(N_16) = -14, chi(N_8) = -6, and -14 = sheets * (-6) has no natural-number solution. The Surface structure is properly CONSTRAINED (real TopologicalSpace/CompactSpace/ConnectedSpace instances plus euler_eq pinning chi = 2 - genus), so unlike t00J01 nothing can be fabricated; chi-multiplicativity is axiomatized in HasFiniteCover, an honest declared reduction
t91J01	approve	both answers correct: NO surjection (C is compact, the irrationals in (0,1) are not, and continuous images of compacts are compact) and YES injection (C embeds in the irrationals)
t92J04	approve	exact Lebesgue number lemma; the [Nonempty X] instance is genuinely needed for the empty-set edge case (diam 0 < eps requires some V in U) and is present
t93A01	approve	open U as a countable union of closed sets, plus the Urysohn-type function positive exactly on U; hypotheses normal + T2 + second countable match the source
t93A02	approve	completeness of the Hausdorff metric on closed bounded sets, using Mathlib's own hausdorffDist
t94J03	approve	Tietze extension to R^n and the sphere-valued extension on a neighbourhood; exact match with real Mathlib C(-,-) bundles
t94J06	approve	transcription exact: z^4 + 5z^3 + I z^3 + cos||z||; existence-only as the source asks
t96J04	approve	correct: R x Q is sigma-compact (countable union of lines), continuous images of sigma-compact spaces are sigma-compact, and the irrationals are NOT sigma-compact by Baire - so no surjection
t96J07	approve	VERIFIED all four local indices by hand: at fixed point e_i the tangent eigenvalues are lambda_j/lambda_i for lambda=(1,2,3,4), giving sign(det(I-df)) = -1,+1,-1,+1 for i=0..3, summing to L(f)=0 (correct for odd-dimensional RP^3); localIndex is the genuine sign of localDeterminant, not a lookup, and the fixed-point set is characterized via real projective equivalence
t96J05	FLAG	the hypothesis ASSUMES THE CONCLUSION: it posits "there is a positive regular value in the range of rho, OR rho is constant", and the conclusion asserts essentially that same disjunction at r = sqrt c. The actual mathematical content - that Sard's theorem supplies a regular value - is assumed, not proved. Also X is a bare topological space and rho an arbitrary continuous nonnegative function, so the submanifold of R^n and the squared-distance function have both vanished. Re-formalize with X a real submanifold and rho = ||.||^2
t96J06	FLAG	the specific topological computation is assumed: "boundaries have self-intersection 0" and "z.z = 1" are HYPOTHESES, from which non-boundedness is a two-line formal consequence. The real content - that [RP^1 x RP^1] has self-intersection 1 in H_2(RP^2 x RP^2; Z/2) - is never established, and RP^2/RP^1 never appear. Re-formalize with the actual homology of RP^2 x RP^2
