job-id,query-cardinality,query-vocabulary,pollution,surfaced-set,offered-set,used-set
invoke-1785093496783-145-2f87f259,0,1,0.0,0,0,
invoke-1785094280720-150-9ce4e7d5,0,1,0.0,0,0,
invoke-1785095134283-155-d358d900,0,1,0.0,0,0,
invoke-1785096421259-158-9638e22e,23,1,0.043478260869565216,3,3,
invoke-1785097975445-162-8fe33fd6,15,1,0.0,0,0,
invoke-1785098957336-167-75dd4cab,27,1,0.07407407407407407,2,2,2
invoke-1785131793242-174-5bf7a0f0,9,1,0.0,0,0,
invoke-1785132489867-176-174d5c40,25,1,0.04,2,2,
invoke-1785133507813-179-62057b0e,9,1,0.0,0,0,
invoke-1785134502488-184-2b1ee924,25,1,0.08,0,0,
invoke-1785135152226-188-30280f26,23,1,0.043478260869565216,0,0,
invoke-1785136065904-189-3ec06c7d,22,1,0.0,0,0,
invoke-1785162203614-205-df7f41a7,25,1,0.04,1,1,0
invoke-1785162217380-206-62af57b5,9,1,0.0,0,0,
invoke-1785240826281-228-bafcab4b,12,1,0.0,3,3,0
invoke-1785240935276-230-26db063f,12,1,0.0,3,3,3
invoke-1785243793353-233-a32962a2,12,1,0.0,3,3,3
invoke-1785246177365-240-fcde4301,10,1,0.0,5,5,0
invoke-1785249009600-242-7c47470b,10,1,0.0,0,0,0
invoke-1785252605176-246-d4d860fc,10,1,0.0,0,0,0
invoke-1785307707778-248-e9f70279,10,1,0.0,0,0,0
invoke-1785310211860-251-24da02af,15,1,0.0,0,0,0
invoke-1785313808507-254-5658602f,14,1,0.0,0,0,0
invoke-1785317407944-257-f04f876e,17,1,0.0,0,0,0
invoke-1785321009015-262-9fc1d13c,14,1,0.0,0,0,0
invoke-1785324608474-266-7b6a85fe,21,1,0.0,0,0,0
invoke-1785328208509-272-ad0b3850,14,1,0.0,0,0,0
invoke-1785331807477-275-a2ece5d9,17,1,0.0,0,0,0
invoke-1785335411113-278-b6683cb5,19,1,0.0,0,0,0
invoke-1785339010205-280-f0aef11e,13,1,0.0,0,0,0
invoke-1785342613132-282-b20c35fc,20,1,0.0,5,5,0
invoke-1785346210310-284-2e41ac48,21,1,0.0,0,0,0
invoke-1785349810165-286-c097f49f,19,1,0.0,0,0,0
invoke-1785353412527-288-08144a51,20,1,0.0,5,5,0
invoke-1785357011138-290-05c0166f,19,1,0.0,0,0,0
invoke-1785375010914-293-1a26ff26,16,1,0.0,0,0,0
invoke-1785378610179-295-bc87d401,14,1,0.0,0,0,0
invoke-1785382213987-297-aa0f7e6a,20,1,0.0,0,0,0
invoke-1785385811092-299-4eea364a,20,1,0.0,0,0,
invoke-1785389409762-301-bc11f9f1,20,1,0.0,0,0,0
invoke-1785393010025-303-f9f19596,19,1,0.0,0,0,0
invoke-1785396609394-305-bd0a237d,15,1,0.0,0,0,0
invoke-1785400210642-307-feb5cab2,19,1,0.0,0,0,0
invoke-1785407173436-316-9e0412d5,21,1,0.0,0,0,0
invoke-1785410124442-317-efe6d620,3,1,0.0,0,0,0
invoke-1785415411984-319-e6e43466,3,1,0.0,0,0,0
invoke-1785418441652-322-1d7aff3b,3,1,0.0,0,0,0
invoke-1785419889167-323-bca5d852,3,1,0.0,0,0,0
invoke-1785420986192-328-1da63d82,3,1,0.0,0,0,0
invoke-1785421476581-330-c8636d21,4,1,0.0,0,0,0
invoke-1785422115195-332-f39f0536,4,1,0.0,0,0,0
invoke-1785422637137-334-e4d81ddf,4,1,0.0,0,0,0
invoke-1785423226680-337-1703f50e,4,1,0.0,0,0,0
invoke-1785423775750-340-979d9f4e,4,1,0.0,0,0,0
invoke-1785424328614-342-d628b6a7,4,1,0.0,0,0,0
invoke-1785424651767-344-d6e4ed74,4,1,0.0,0,0,0
invoke-1785425401395-351-8ebdd11a,4,1,0.0,0,0,0
invoke-1785425985375-354-fa2f6333,4,1,0.0,0,0,0
invoke-1785426831145-357-462e4a0d,4,1,0.0,0,0,0
invoke-1785432503521-362-4f8b71e9,4,1,0.0,0,0,0
invoke-1785432909957-364-928b4249,4,1,0.0,5,5,0
invoke-1785433194612-365-336a88d9,4,1,0.0,5,5,0
invoke-1785433615160-367-0f173b97,4,1,0.0,0,0,0
invoke-1785434639043-369-d460cf72,4,1,0.0,5,5,2
invoke-1785436046073-372-28603266,4,1,0.0,5,5,1
invoke-1785437916706-378-286a4226,4,1,0.0,0,0,0
invoke-1785439906978-381-36c58afb,4,1,0.0,5,5,0
invoke-1785440558225-384-2820fe28,4,1,0.0,4,4,4
invoke-1785441024938-386-944657a5,4,1,0.0,5,5,4
invoke-1785442373724-389-d3ee2d20,4,1,0.0,0,0,0
invoke-1785446014987-392-3c78ad0b,4,1,0.0,0,0,0
invoke-1785448407546-396-80ac8783,4,1,0.25,5,5,0
invoke-1785448446267-397-954e5ec9,4,1,0.0,0,0,0
invoke-1785449267314-399-c1318ec2,4,1,0.0,0,0,0
invoke-1785449302666-400-2956dd68,4,1,0.0,5,5,1
invoke-1785451020936-403-177f0408,4,1,0.25,5,5,2
invoke-1785451054804-404-ea54a8e6,4,1,0.0,5,5,1
invoke-1785452411378-406-4a85d0fb,4,1,0.0,5,5,2
invoke-1785452448315-407-003306a5,4,1,0.0,0,0,0
invoke-1785453304694-411-86a472d7,4,1,0.0,5,5,2
invoke-1785453341805-412-b4457c5d,4,1,0.0,0,0,0
invoke-1785456131137-414-deba81c2,4,1,0.0,5,5,0
invoke-1785456161357-415-96ae984b,4,1,0.0,5,5,0
invoke-1785457030310-419-0dd760eb,4,1,0.0,5,5,0
invoke-1785457061590-420-9110d0ac,4,1,0.0,5,5,0
invoke-1785459775899-422-8b0bdb11,4,1,0.0,5,5,0
invoke-1785459812871-423-96015ad9,4,1,0.0,0,0,0
invoke-1785460187893-426-75c10560,4,1,0.0,5,5,1
invoke-1785460226070-427-f3121940,4,1,0.0,0,0,0
invoke-1785460769842-429-2af10f6f,4,1,0.0,0,0,0
invoke-1785461350312-430-5aef83b6,4,1,0.0,0,0,0
invoke-1785461534541-431-5f427010,4,1,0.0,0,0,0
invoke-1785461874423-432-37a69345,4,1,0.0,0,0,0
invoke-1785462112357-433-c99706dc,4,1,0.0,0,0,0
invoke-1785462313418-434-9497082a,4,1,0.0,0,0,0
invoke-1785462553373-435-1b895195,4,1,0.0,0,0,0
invoke-1785463015054-436-acf510c5,4,1,0.0,5,5,0
invoke-1785463217420-437-12ef7c36,4,1,0.0,5,5,0
invoke-1785463663991-440-ea2ea5fc,4,1,0.0,0,0,0
invoke-1785464073951-441-1c05a75c,4,1,0.0,5,5,2
invoke-1785464465577-442-69142f39,4,1,0.0,0,0,0
invoke-1785464687922-443-547dd835,4,1,0.0,5,5,1
invoke-1785464878040-444-a90570f7,4,1,0.0,0,0,0
invoke-1785465172267-445-440fdc02,4,1,0.0,5,5,2
invoke-1785465399678-446-4d291d8d,4,1,0.0,0,0,0
invoke-1785465608922-448-d51857ac,4,1,0.0,5,5,2
invoke-1785465797993-450-70aab929,4,1,0.0,0,0,0
invoke-1785466155603-451-cdc46268,4,1,0.0,4,4,0
invoke-1785466192851-452-00601468,4,1,0.0,0,0,0
invoke-1785466628626-454-565f7c03,4,1,0.0,0,0,0
invoke-1785467054646-455-b8371b8f,4,1,0.0,5,5,0
invoke-1785467251012-456-8f559ca2,4,1,0.0,0,0,0
invoke-1785467951316-458-5d59ebbb,4,1,0.0,0,0,0
invoke-1785468063277-459-e1c0bf0f,4,1,0.0,5,5,0
invoke-1785468249753-460-8e64039c,4,1,0.0,5,5,3
invoke-1785468518124-461-33b542ab,4,1,0.25,0,0,0
invoke-1785468746313-462-5b96c0e2,4,1,0.0,0,0,
invoke-1785468999028-463-2354633d,4,1,0.25,5,5,3
invoke-1785469190846-464-39b04a8f,4,1,0.0,5,5,2
invoke-1785469395748-465-6aecc20a,4,1,0.0,0,0,0
invoke-1785469706584-466-fa740d18,4,1,0.0,5,5,
invoke-1785469907154-467-a2928a5f,4,1,0.0,5,5,
invoke-1785470457961-468-ad547147,4,1,0.0,5,5,
invoke-1785470492377-469-c4cbe680,4,1,0.0,5,5,
invoke-1785470932932-470-3e7d3fbd,4,1,0.0,0,0,
invoke-1785471377736-471-acbcd206,4,1,0.25,5,5,
invoke-1785471544624-472-308f6c1d,4,1,0.0,0,0,
invoke-1785471894052-473-80a5fb14,4,1,0.0,0,0,
invoke-1785473298737-474-6e1af56a,4,1,0.0,5,5,
